{
  "samples": 22544,
  "accuracy": 0.7845990063875089,
  "precision": 0.9615785210045134,
  "recall": 0.6474713628925427,
  "f1": 0.7738660705970011,
  "roc_auc": 0.876989563169489,
  "confusion_matrix": [
    [
      9379,
      332
    ],
    [
      4524,
      8309
    ]
  ],
  "classification_report": {
    "0": {
      "precision": 0.6746026037545854,
      "recall": 0.9658119658119658,
      "f1-score": 0.794359278394173,
      "support": 9711.0
    },
    "1": {
      "precision": 0.9615785210045134,
      "recall": 0.6474713628925427,
      "f1-score": 0.7738660705970011,
      "support": 12833.0
    },
    "accuracy": 0.7845990063875089,
    "macro avg": {
      "precision": 0.8180905623795494,
      "recall": 0.8066416643522543,
      "f1-score": 0.7841126744955871,
      "support": 22544.0
    },
    "weighted avg": {
      "precision": 0.8379614551593195,
      "recall": 0.7845990063875089,
      "f1-score": 0.7826936762090635,
      "support": 22544.0
    }
  }
}